title,content,url
The Ancient Origins of Tea: From Camellia Sinensis to Your Cup,"Tea, one of the world's most beloved beverages, originates from the Camellia sinensis plant, which has been cultivated for over 5,000 years. According to Chinese legend, Emperor Shen Nong discovered tea in 2737 BCE when leaves from a wild tea tree blew into his pot of boiling water. The emperor, a renowned herbalist, was immediately interested in the pleasant aroma and decided to try the infusion. From that moment, tea began its journey to becoming the second most consumed beverage in the world after water. The cultivation of tea spread from China to Japan in the 9th century, carried by Buddhist monks who recognized its benefits for meditation. Japanese tea culture evolved distinctly, developing the elaborate tea ceremony known as Chanoyu or Sado. Meanwhile, in China, tea culture flourished during the Tang Dynasty (618-907 CE), when tea master Lu Yu wrote ""The Classic of Tea"" (Cha Jing), the first definitive work on cultivating, preparing, and drinking tea. The Ming Dynasty (1368-1644) saw the popularization of loose-leaf tea over the previously dominant compressed tea cakes. The Dutch East India Company introduced tea to Europe in the early 17th century, initially as a medicinal drink. British colonization efforts led to tea plantations in India and Ceylon (Sri Lanka) in the 19th century, breaking China's monopoly on tea production. The famous Boston Tea Party of 1773 showed tea's political significance in the American Revolution. Today, tea is grown in over 45 countries across Asia, Africa, South America, and even parts of Europe and North America. The two main varieties of Camellia sinensis are var. sinensis (Chinese tea) with smaller leaves suited to cooler climates, and var. assamica (Assam tea) with larger leaves thriving in tropical regions. All true teas—white, green, oolong, black, and pu-erh—come from this single plant species, with differences arising from processing methods, oxidation levels, and terroir.",https://teatime.example.com/blog/ancient-origins-of-tea
"The Chemistry of Tea: Understanding Polyphenols, Catechins, and L-theanine","Tea is a complex beverage containing over 2,000 chemical compounds that contribute to its flavor, aroma, and health properties. The primary bioactive compounds in tea are polyphenols, particularly catechins, which account for up to 30% of the dry weight of green tea leaves. Epigallocatechin gallate (EGCG) is the most abundant and studied catechin, comprising about 50-80% of total catechins in green tea. EGCG has demonstrated powerful antioxidant properties, with some studies suggesting it may be 25-100 times more potent than vitamins C and E. The oxidation process that distinguishes tea types significantly affects catechin content: green tea retains the highest levels (80-90% of original catechins), oolong tea retains moderate levels (20-60%), and black tea retains the least (3-10%) as catechins polymerize into theaflavins and thearubigins during oxidation. These oxidized compounds give black tea its characteristic color and astringent taste while contributing their own health benefits. L-theanine, a unique amino acid found almost exclusively in tea plants, comprises about 1-2% of dry tea leaf weight. This compound creates the umami flavor particularly prominent in high-quality green teas and promotes alpha brain wave activity, inducing relaxation without drowsiness. The combination of L-theanine with caffeine (2-4% of dry weight) produces a state of calm alertness distinct from coffee's stimulation. Tea also contains methylxanthines (caffeine, theobromine, theophylline), volatile aromatic compounds (over 600 identified), enzymes (polyphenol oxidase, peroxidase), minerals (potassium, manganese, fluoride), and vitamins (C, B-complex). The fluoride content in tea, typically 1-4 mg per liter, has both benefits for dental health and concerns about excess consumption. Research has identified potential health benefits including cardiovascular protection, cancer prevention, neuroprotection, weight management, and antimicrobial effects. A 2006 study published in JAMA found that adults who consumed 5 or more cups of green tea daily had a 26% lower risk of cardiovascular disease mortality. The polyphenol content varies significantly based on cultivar, growing conditions, harvest time, and processing methods, with first-flush spring teas generally containing higher polyphenol concentrations than later harvests.",https://teatime.example.com/blog/chemistry-of-tea-polyphenols-catechins
Japanese Tea Ceremony: The Art of Chanoyu and Zen Philosophy,"The Japanese tea ceremony, known as Chanoyu, Sado, or simply Ocha, represents one of the most refined and philosophical approaches to tea preparation and consumption. Developed over centuries, this ritualized practice embodies the Zen Buddhist principles of harmony (wa), respect (kei), purity (sei), and tranquility (jaku). The ceremony was formalized in the 16th century by Sen no Rikyū (1522-1591), who established the aesthetic principles of wabi-sabi—finding beauty in imperfection and impermanence. The traditional tea ceremony takes place in a specially designed tea house (chashitsu), typically a small structure separate from the main dwelling, often set in a garden. Guests approach through a garden path (roji) that symbolizes the first stage of meditation, leaving behind the concerns of the outside world. Before entering, participants purify themselves by rinsing their hands and mouth at a stone basin (tsukubai). The tea house entrance is deliberately low (nijiriguchi), requiring guests to bow, promoting humility regardless of social status. Inside, the ceremony unfolds in prescribed stages that can last up to four hours for a formal gathering. The host prepares matcha (powdered green tea) using specific implements: a ceramic bowl (chawan), bamboo whisk (chasen), bamboo scoop (chashaku), and tea caddy (natsume). Every movement follows exact patterns passed down through generations—the way the bowl is rotated, how the whisk is handled, even the number of whisks (typically 75-80 quick strokes). The ceremony emphasizes mindfulness in every action: the careful folding of the silk cloth (fukusa), the precise cleaning of utensils, the graceful serving and receiving of tea. Guests follow etiquette including admiring the bowl before drinking, rotating it to avoid drinking from its front, and complimenting the host. The scroll (kakemono) hanging in the alcove (tokonoma) and the flower arrangement (chabana) are chosen to reflect the season and create appropriate atmosphere. Different schools (notably Omotesenke, Urasenke, and Mushakōjisenke, all founded by descendants of Sen no Rikyū) maintain distinct variations in procedures and aesthetics. Modern practitioners continue these traditions while adapting them to contemporary life, with some ceremonies lasting 30-45 minutes. The ceremony represents not just tea preparation but a comprehensive aesthetic experience encompassing architecture, garden design, ceramics, calligraphy, and flower arrangement.",https://teatime.example.com/blog/japanese-tea-ceremony-chanoyu-zen
Tea Cultivation and Processing: From Field to Cup,"Tea cultivation is a complex agricultural process requiring specific environmental conditions, skilled labor, and meticulous processing techniques. Camellia sinensis thrives in tropical and subtropical climates with well-distributed rainfall (1,500-2,500mm annually), acidic soil (pH 4.5-5.5), good drainage, and elevations typically between 600-2,100 meters. Higher elevations produce slower-growing plants that develop more complex flavors, though productivity decreases. Tea plants can live for over 100 years but are typically maintained at 3-5 feet height through regular pruning to facilitate harvesting. Propagation occurs through seeds or, more commonly, clonal cuttings to maintain desired characteristics. It takes 3-5 years before a new plant produces harvestable leaves. The plucking standard significantly impacts tea quality: fine plucking collects only the bud and first two leaves (two leaves and a bud), while coarse plucking includes older leaves. Skilled pluckers can harvest 30-35 kg of fresh leaves daily, which yields approximately 7-8 kg of processed tea. Mechanical harvesting, common in Japan and some large estates, increases productivity but generally produces lower-quality tea. The six categories of tea—white, green, yellow, oolong, black, and dark (pu-erh)—result from different processing methods, primarily varying in oxidation level and technique. White tea undergoes minimal processing: withering and drying, with oxidation occurring naturally but minimally. Green tea production includes withering, fixation (heat treatment to prevent oxidation through pan-firing or steaming), rolling, and drying. Chinese green teas are typically pan-fired, producing a more vegetal, toasted character, while Japanese green teas are steamed, creating a more marine, grassy flavor. Yellow tea follows green tea processing with an additional slow-drying stage (smothering) that causes slight fermentation. Oolong tea production is most complex, involving withering, tossing/bruising to initiate oxidation, partial oxidation (typically 20-80%), fixation, rolling, and drying. Black tea (called 'red tea' in China) undergoes full oxidation: withering, rolling/crushing (Orthodox method) or CTC (Crush-Tear-Curl), full oxidation, and drying. Dark tea (pu-erh and others) involves microbial fermentation during processing or aging. Quality control involves multiple tasting sessions at various processing stages. Proper storage after processing is critical: tea readily absorbs moisture and odors, requiring airtight, cool, dark storage. Modern tea production increasingly incorporates scientific testing for pesticide residues, heavy metals, and consistency in chemical composition while maintaining traditional craftsmanship.",https://teatime.example.com/blog/tea-cultivation-processing-methods
"The Global Tea Trade: Economics, Fair Trade, and Sustainability","The global tea industry represents a $200+ billion market, with over 6 million tons of tea produced annually across more than 45 countries. China leads production at approximately 2.8 million tons (40% of global output), followed by India (1.4 million tons), Kenya (0.5 million tons), and Sri Lanka (0.3 million tons). The industry employs an estimated 13 million people directly and supports livelihoods for more than 100 million people globally, predominantly in developing countries. The colonial legacy significantly shaped today's tea industry: British colonization established large-scale tea plantations in India (Assam, Darjeeling) and Ceylon (Sri Lanka) in the 19th century, while Dutch interests developed Indonesian production. These colonial estates often used exploitative labor practices that persist in modified forms today. Tea plantation workers, predominantly women, typically earn minimal wages—in some regions as low as $2-3 daily—while working long hours in challenging conditions. This economic reality has driven the Fair Trade and organic tea movements, which seek to ensure living wages, safe working conditions, and environmental sustainability. Fair Trade certification requires minimum price guarantees, premiums for community development, prohibition of forced and child labor, and democratic organization of smallholder farmers into cooperatives. Organic certification addresses environmental concerns about pesticide use, though it doesn't directly address labor conditions. The specialty tea market has grown significantly, with consumers increasingly willing to pay premiums for single-estate, artisanal, and rare teas. This trend has economic benefits for quality-focused producers but can marginalize bulk commodity producers. Climate change poses existential threats to tea cultivation: rising temperatures, changing rainfall patterns, increased pest pressure, and extreme weather events affect yields and quality. Research suggests that suitable tea-growing areas in East Africa could decline by 25% by 2050 under current climate trajectories. Adaptive strategies include developing drought-resistant cultivars, implementing shade-growing systems, improving irrigation, and exploring cultivation in new regions. Sustainability initiatives address multiple concerns: water usage (tea processing requires significant water), deforestation for plantation expansion, soil degradation from monocropping, and carbon emissions from processing and transportation. The Ethical Tea Partnership, an alliance of tea brands, works with producers to implement sustainable practices and improve worker welfare. Some estates have achieved carbon neutrality through renewable energy, efficient processing, and reforestation. The rise of ready-to-drink tea beverages, valued at over $40 billion globally, has created new markets but raises concerns about added sugars and processing that degrades beneficial compounds. E-commerce and direct-trade models are disrupting traditional tea supply chains, potentially allowing producers to capture more value while providing consumers with greater transparency about origin and production methods.",https://teatime.example.com/blog/global-tea-trade-economics-sustainability
Matcha: The Powdered Green Tea Revolution and Its Health Benefits,"Matcha, a finely ground powder made from specially grown and processed green tea leaves, has evolved from a ceremonial beverage in Japan to a global phenomenon, incorporated into everything from lattes to desserts to skincare products. The matcha production process begins 20-30 days before harvest when tea plants are covered with shade cloths, reducing sunlight by 90%. This shading increases chlorophyll production (creating the vibrant green color) and amino acid content, particularly L-theanine, while reducing catechin synthesis. The first-flush spring leaves are hand-picked, selecting only the youngest, most tender leaves. After harvesting, leaves are briefly steamed (15-20 seconds) to prevent oxidation, then dried and destemmed, producing tencha. The tencha is stored in cold storage to maintain freshness and can be aged to develop flavor complexity. Immediately before sale, tencha is stone-ground in traditional granite mills that rotate at just 30-40 rpm to prevent heat generation that would degrade delicate compounds and flavors. This slow process produces only 30-40 grams per hour, explaining matcha's premium price—ceremonial grade matcha can cost $50-200+ per 100 grams. Matcha quality grades vary significantly: ceremonial grade (highest quality, bright green, smooth, sweet, used for traditional tea preparation), premium grade (suitable for daily drinking, slightly more astringent), and culinary grade (stronger, more bitter flavor, appropriate for cooking and lattes). The nutritional profile of matcha is exceptional because you consume the entire leaf rather than just an infusion. One gram of matcha contains approximately 35mg caffeine (less than coffee but more than steeped green tea), 19-44mg EGCG catechins, and 6-20mg L-theanine. Studies have shown that matcha provides 137 times more EGCG than conventional green tea from the same leaves. The L-theanine content produces the characteristic smooth energy without the jitters often associated with coffee. Research published in the Journal of Chromatography (2003) found that matcha's antioxidant capacity (ORAC value) was 1,573 units per gram—higher than blueberries (91) and spinach (26). Potential health benefits supported by research include: enhanced cognitive function and attention (particularly when combined with caffeine), increased thermogenesis and fat oxidation (3-8% increase in energy expenditure), improved markers of cardiovascular health, and potential cancer-preventive properties. A 2018 study in Food Research International found that matcha consumption increased attention and processing speed in cognitive tests. The traditional preparation involves sifting 1-2 grams of matcha through a fine strainer into a bowl, adding 60-80ml of water at 160-180°F (not boiling, which would impair flavor and nutrients), and whisking vigorously with a bamboo whisk in an M or W pattern until a fine foam forms. Modern adaptations include matcha lattes (often with oat or dairy milk), smoothies, and culinary applications in everything from ice cream to pasta. The matcha market has grown at 9.25% CAGR from 2020-2025, driven by health trends and café culture, though this popularity has raised concerns about quality dilution and authenticity in mass-market products.",https://teatime.example.com/blog/matcha-powdered-green-tea-health-benefits
Pu-erh Tea: The Fermented Tea That Improves with Age,"Pu-erh tea, named after Pu'er City in Yunnan Province, China, is unique among teas for undergoing microbial fermentation, developing complexity over years or even decades of aging, much like fine wine. Traditional pu-erh (sheng or raw pu-erh) begins with sun-dried green tea (maocha) from large-leaf Yunnan tea trees, some over 100 years old. The maocha is steamed briefly and compressed into various shapes: cakes (bing cha, typically 357g or 500g), bricks (zhuan cha), or bowls (tuo cha). During aging, which can span 10-50+ years, naturally occurring microorganisms gradually ferment the tea, transforming its character from astringent and vegetal when young to smooth, earthy, and complex with age. Premium aged sheng pu-erh from the 1960s-1980s can command prices exceeding $10,000 per cake. The modern pu-erh market was revolutionized in the 1970s by the development of shou (ripe or cooked) pu-erh, which uses accelerated fermentation to simulate aging. Fresh maocha is piled, moistened, and covered, creating conditions for thermophilic microorganisms to rapidly ferment the tea over 45-60 days, a process called wo dui. Temperatures in the pile can reach 50-65°C. The resulting tea has the dark color and earthy character of aged sheng pu-erh but lacks the complexity that develops through decades of slow fermentation. Shou pu-erh brought pu-erh to mass markets at accessible prices but purists often prefer traditionally aged sheng. The microbiome of pu-erh fermentation is extraordinarily complex, with studies identifying over 600 microbial species, including Aspergillus niger, Aspergillus glaucus, and various Penicillium species, along with bacteria. These microorganisms produce enzymes that break down complex polyphenols and polysaccharides, creating simpler compounds and entirely new metabolites. Research has identified unique compounds in pu-erh including statins (lovastatin, which can lower cholesterol), numerous alkaloids, and modified polyphenols not found in other teas. The chemical composition continues evolving during storage, influenced by temperature, humidity, and air circulation. Proper aging requires 60-75% humidity and temperatures around 20-25°C with good ventilation but not excessive air flow. Too much humidity risks mold contamination, while too little slows fermentation. The geographical indication for authentic pu-erh restricts the name to tea from specific regions of Yunnan Province. However, counterfeits and mislabeled teas proliferate, particularly in the investment-grade market where rare vintages command high prices. The pu-erh market experienced a speculation bubble in 2007 when prices soared to unsustainable levels before crashing. Modern pu-erh appreciation considers multiple factors: the origin of tea trees (ancient trees vs. plantation bushes), the specific mountain or village, the year of production, storage history, and aging duration. Ancient tea trees (100+ years old) produce leaves with more complex chemistry, commanding premium prices. Health claims for pu-erh are extensive and partially supported by research: improved lipid metabolism, weight loss support, antimicrobial properties, and digestive benefits. A 2009 study in the Journal of Agricultural and Food Chemistry found that pu-erh tea supplementation reduced obesity and metabolic syndrome markers in rats. Human studies have shown modest benefits for cholesterol reduction and weight management. Brewing pu-erh typically uses higher temperatures (95-100°C) and longer steeping times than other teas, with the same leaves re-steeped 5-15 times. The flavor evolves across infusions, revealing layers of complexity.",https://teatime.example.com/blog/puerh-fermented-tea-aging
British Tea Culture: From Afternoon Tea to Builders' Brew,"Britain's association with tea is so strong that 'a cup of tea' has become synonymous with British identity, despite tea being a relatively recent import to the islands. Portuguese princess Catherine of Braganza, who married King Charles II in 1662, popularized tea drinking among English aristocracy, bringing with her a chest of tea as part of her dowry. Initially, tea was extremely expensive—more costly than wine—making it an aristocratic luxury. Tea was sold in locked caddies with keys held by the lady of the house. The British East India Company held a monopoly on tea importation until 1833, keeping prices high. The tea tax was so substantial that it created a massive black market, with estimates suggesting that by the mid-18th century, more tea entered Britain illegally than legally. The Commutation Act of 1784 drastically reduced tea taxes, making tea affordable to working classes and dramatically increasing legitimate tea trade. By the Victorian era, tea had become Britain's national drink across all social classes. Afternoon tea, an elegant social ritual featuring finger sandwiches, scones with clotted cream and jam, and pastries, was popularized by Anna, Duchess of Bedford, around 1840. Experiencing hunger between lunch and the fashionably late Victorian dinner (8-9 PM), she began inviting friends to join her for tea and small treats around 4 PM. The practice became a social institution among the upper classes. High tea, despite its name suggesting formality, actually refers to the working-class practice of having a more substantial meal with tea around 5-6 PM, serving as the evening meal. British tea culture values strong, black tea—primarily blends like English Breakfast and Earl Grey. The typical British 'builder's tea' is a strong brew made with black tea (often Assam or Kenyan), brewed for 4-5 minutes, served with milk and often sugar. The addition of milk to black tea originated partly from the practice of adding milk to fine china cups before the hot tea to prevent cracking. The sequence of 'milk in first' (MIF) versus 'tea in first' (TIF) has been a matter of surprising controversy and social signification. George Orwell's famous 1946 essay 'A Nice Cup of Tea' proclaimed MIF to be 'one of the most controversial points of all,' while advocating for TIF. Scientifically, adding milk first allows better temperature control and may reduce bitterness, but modern fine china makes cup protection unnecessary. Britain's tea consumption peaked at 3.32 kg per capita annually in the 1950s, though it has declined to approximately 1.94 kg per capita as coffee and other beverages gained popularity. Nevertheless, the British still drink approximately 100 million cups of tea daily—about 60.2 billion cups annually. The ritualistic aspects of tea pervade British culture: tea as comfort in crisis ('put the kettle on'), tea as social lubricant, and tea as break time. The traditional 'tea break' became enshrined in British work culture, with formal work breaks often centered on tea drinking. The British Empire's influence spread tea culture globally and transformed the tea trade through imperial plantation systems in India and Ceylon. The British development of Indian tea production in Assam (discovered 1823, commercialized 1830s) and Darjeeling (established 1850s) broke China's tea monopoly. Ceylon (Sri Lanka) became a major tea producer after a coffee blight in the 1860s-1870s destroyed its coffee industry, with planters replacing coffee with tea. These colonial plantations operated under systems that were often exploitative, with Tamil workers brought from southern India to work Ceylon plantations under indenture systems. Modern British tea culture has evolved with multicultural influences: chai from South Asian communities, bubble tea from East Asian populations, and specialty loose-leaf teas from the growing tea sommeliere movement. Yet the traditional cup of strong black tea with milk remains deeply embedded in British national identity.",https://teatime.example.com/blog/british-tea-culture-afternoon-tea
"The Science of Tea Brewing: Temperature, Time, and Water Quality","The optimal brewing of tea is a nuanced process where multiple variables—water temperature, steeping time, water quality, tea-to-water ratio, and vessel choice—interact to produce dramatically different results from the same tea leaves. Understanding these factors allows tea drinkers to extract desired flavors while minimizing unpleasant qualities like excessive astringency or bitterness. Water temperature is perhaps the most critical variable. Different tea categories require different temperatures to properly extract desirable compounds while minimizing unwanted ones. White and green teas should be brewed at 160-180°F (70-80°C); higher temperatures destroy delicate flavor compounds and increase extraction of bitter catechins. Oolong teas vary by oxidation level: lighter oolongs around 185-195°F (85-90°C), darker oolongs at 195-205°F (90-96°C). Black teas generally brew best at 200-212°F (93-100°C), as their oxidized state makes them more robust and capable of withstanding higher temperatures without bitterness. Pu-erh tea typically uses full boiling water. The chemistry behind temperature sensitivity involves the differential solubility of various compounds. Catechins (contributing astringency and some bitterness) become increasingly soluble as temperature rises. At 60°C, extraction is slow and incomplete, but at 100°C, extraction is rapid and can become excessive. L-theanine and amino acids (contributing umami and sweetness) extract readily even at lower temperatures. Caffeine extraction increases with temperature, with approximately 40% extracted at 70°C versus 80% at 100°C after five minutes. Steeping time interacts with temperature to determine total extraction. Green tea typically steeps 1-3 minutes, white tea 2-5 minutes, oolong 2-5 minutes depending on style, and black tea 3-5 minutes. Over-steeping increases extraction of astringent tannins and bitter compounds while potentially extracting undesirable substances from the leaf. Many teas, particularly oolongs and pu-erhs, can be steeped multiple times with increasing steeping durations: first infusion 30 seconds, second 45 seconds, third 60 seconds, etc. High-quality teas can often be steeped 5-10 times with evolving flavors across infusions. Water quality profoundly affects tea quality. Hard water (high in calcium and magnesium) interferes with flavor extraction and creates a film on the tea's surface. Soft water (low in minerals) extracts flavor more completely but can produce flat-tasting tea. The ideal water has moderate mineral content, typically 80-150 mg/L total dissolved solids. Iron in water reacts with polyphenols, creating an unpleasant metallic taste and dark coloration. Chlorine from tap water imparts off-flavors; filtration or using spring water resolves this issue. Lu Yu's Cha Jing from 780 CE already recognized water quality's importance, ranking water sources from mountain spring (best) to river water to well water (worst). The tea-to-water ratio affects strength and flavor balance. A general starting point is 2-3 grams of tea per 8 oz (240ml) of water, but this varies by tea type and personal preference. The gongfu brewing method, popular for oolongs and pu-erhs, uses higher ratios (5-8 grams per 100ml) with very short steeping times and multiple infusions, allowing detailed appreciation of flavor evolution. Vessel choice influences both flavor and experience. Porous clay teapots (particularly Yixing purple clay from China) absorb tea oils over time, 'seasoning' the pot and subtly influencing subsequent brews. This makes them ideal for single tea types but unsuitable for switching between tea varieties. Porcelain and glass vessels are neutral, appropriate for all teas and allowing flavor assessment without interference. Glass vessels offer the visual pleasure of watching leaves unfurl. Pre-warming the teapot and cups by rinsing with hot water prevents temperature loss when tea is added. Scientific studies have quantified these variables' effects: research published in the Journal of Food Science (2007) found that brewing temperature affected not just extraction rate but the ratio of compounds extracted, with lower temperatures favoring amino acids and moderate temperatures favoring catechins. A study in Food Chemistry (2011) demonstrated that water hardness reduced polyphenol extraction by 25-30% compared to soft water. Understanding these principles allows customization: want less caffeine? Use cooler water and shorter steeping. Want more antioxidants? Use hotter water and longer steeping, accepting increased astringency. Want to reduce bitterness in green tea? Lower temperature and shorter time. The Japanese have formalized water temperature precision, developing terms like yuzamashi (water cooling bowl) to achieve precise temperatures without thermometers, using vessel transfers that drop water temperature by approximately 10°C per transfer.",https://teatime.example.com/blog/science-of-tea-brewing-temperature-time
Rare and Expensive Teas: From Da Hong Pao to Panda Dung Tea,"The world of rare and expensive teas represents the intersection of agricultural rarity, historical significance, artisanal production, and market forces, with some teas commanding prices exceeding fine wines or even precious metals by weight. Da Hong Pao (Big Red Robe), perhaps the most famous rare tea, originates from rock oolongs grown on Mount Wuyi in Fujian Province, China. The original Da Hong Pao bushes, four ancient tea trees over 360 years old, are national treasures that no longer produce harvested tea; the last authentic harvest from these trees in 2005 sold at auction for $28,000 per kilogram, with 20 grams gifted to China's National Museum. Modern Da Hong Pao comes from cuttings of the original bushes, still commanding prices of $400-1,400 per kilogram for premium versions, with the highest grades reaching $10,000+ per kilogram. The tea's legendary origin involves a Ming Dynasty scholar who was cured of illness by tea from these bushes and honored them with red robes. The complex roasting process, repeated multiple times over charcoal, requires extraordinary skill passed through generations. Tieguanyin (Iron Goddess of Mercy), another famous Chinese oolong from Fujian's Anxi County, can reach $3,000+ per kilogram for competition-grade tea. The name derives from legend of a poor farmer who renovated a dilapidated Iron Goddess temple and was rewarded in a dream with a tea bush. The tea requires 12-36 hours of processing, including precise withering, tossing, and repeated rolling and oxidation sessions. The highest grades exhibit a remarkable floral and mineral character with creamy texture. Japanese gyokuro, a premium shade-grown green tea, costs $200-650 per kilogram for premium grades. The three-week shading process and hand-harvesting of only the youngest leaves create an intensely umami, sweet tea with minimal astringency and substantial caffeine and L-theanine content. The cultivation and processing require extraordinary expertise, limiting production. Silver Needle (Bai Hao Yin Zhen) white tea from Fujian Province consists only of unopened buds covered in fine white hairs, harvested during a brief spring period in specific weather conditions (dry, no wind, no frost, no dew). Premium grades cost $200-1,000 per kilogram, with rare vintages exceeding this. The minimal processing (withering and drying) requires perfect execution to prevent oxidation or mold. First flush Darjeeling, particularly from renowned estates like Castleton, Makibari, or Arya, sells for $200-600 per kilogram at auction, with rare lots exceeding $1,850 per kilogram (a 2014 Makibari record). The first flush harvest in March-April produces delicate, champagne-like character highly prized by connoisseurs. The muscatel flavor characteristic of Darjeeling second flush also commands premium prices. Yellow gold tea buds, an experimental Chinese tea processed entirely from golden buds, has sold for over $8,500 per kilogram. The complex processing involving smothering creates unique flavor but extremely limited production. Panda dung tea, grown using fertilizer from pandas (whose digestive systems process only about 30% of bamboo nutrients, creating nutrient-rich dung), is marketed at over $70,000 per kilogram, though most experts consider this price more about marketing than quality. Vintage pu-erh represents another category of extremely expensive tea. A 1950s Red Label pu-erh sold at auction in 2013 for over $12,000 per cake (approximately $34,000 per kilogram). A Song Dynasty (960-1279 CE) compressed tea brick sold at auction for $1.25 million, though this was primarily for historical value rather than drinking. The rarest teas often involve limited terroir, specific cultivars, precise harvest timing, artisanal processing, and small production. Many expensive teas are never exported, consumed entirely within their region of origin or purchased by collectors. The expensive tea market has attracted investment speculation, particularly for pu-erh, creating price distortions disconnected from tea quality. Counterfeit rare teas are common, with fake Da Hong Pao, aged pu-erh, and other premium teas widely sold. Authentication requires expertise in appearance, aroma, taste, and often examination of packaging and provenance. Tea appreciation at this level involves understanding terroir (specific micro-climates and soil compositions), processing techniques, cultivar characteristics, and flavor development. Professional tea tasters undergo extensive training, developing sensory memory of hundreds of teas and their regional/production variations. Competitions like the North American Tea Championship, World Tea Championship, and various regional competitions judge teas across categories, with winners often seeing dramatic price increases. The existence of these ultra-premium teas, while inaccessible to most consumers, drives innovation in tea production and preservation of traditional methods, benefiting the broader tea industry through knowledge transfer and market attention to quality.",https://teatime.example.com/blog/rare-expensive-teas-da-hong-pao
"Herbal Teas and Tisanes: Beyond Camellia Sinensis","Herbal teas, properly known as tisanes, are beverages made from the infusion of herbs, spices, flowers, fruits, and other plant materials that do not contain leaves from the Camellia sinensis plant. Despite not being true teas, tisanes have a history stretching back thousands of years, with archaeological evidence of herbal infusions found in ancient Egyptian tombs dating to 1550 BCE. The distinction between tea and tisane is important in both culinary and legal contexts: the European Union requires that products labeled as 'tea' contain Camellia sinensis, while herbal infusions must be labeled as such. Chamomile (Matricaria chamomilla or Chamaemelum nobile) is perhaps the most widely consumed tisane globally, valued for its calming properties. Research published in the Journal of Clinical Pharmacology (2005) found that chamomile extract demonstrated modest anxiolytic effects comparable to low-dose benzodiazepines without the sedative side effects. The active compounds, including apigenin, bisabolol, and chamazulene, interact with GABA receptors in the brain. A 2016 randomized controlled trial published in Phytomedicine found that long-term chamomile supplementation significantly reduced moderate-to-severe generalized anxiety disorder symptoms. Peppermint (Mentha × piperita) tisane is widely used for digestive complaints. The primary active compound, menthol, relaxes smooth muscle in the gastrointestinal tract, reducing spasms and associated discomfort. A meta-analysis published in BMC Complementary Medicine and Therapies (2019) confirmed peppermint's efficacy for irritable bowel syndrome symptoms, with menthol's antispasmodic properties supported by multiple randomized controlled trials. Rooibos (Aspalathus linearis), native to South Africa's Cederberg region, has gained international popularity as a caffeine-free alternative to black tea. The plant contains unique polyphenols including aspalathin, which has demonstrated anti-diabetic properties in animal studies. Rooibos is naturally low in tannins, making it smooth and non-astringent regardless of steeping time. The traditional oxidized (red) rooibos and the newer unoxidized (green) rooibos offer different flavor profiles and antioxidant compositions. Hibiscus (Hibiscus sabdariffa) tisane, known as agua de jamaica in Mexico and karkadé in Egypt, produces a vibrant crimson infusion with tart, cranberry-like flavor. Clinical research has consistently demonstrated hibiscus tea's ability to lower blood pressure: a 2015 meta-analysis in the Journal of Hypertension found that hibiscus consumption reduced systolic blood pressure by an average of 7.58 mmHg. The anthocyanins responsible for its color are potent antioxidants. Ginger (Zingiber officinale) tisane has been used medicinally for over 5,000 years in Chinese and Ayurvedic traditions. Gingerols and shogaols provide anti-nausea, anti-inflammatory, and thermogenic properties. A Cochrane review confirmed ginger's efficacy for pregnancy-related nausea, and multiple studies support its use for chemotherapy-induced nausea. Yerba mate (Ilex paraguariensis), while technically not a tisane due to its significant caffeine content, occupies a unique space between tea and tisane. Native to South America, it contains caffeine, theobromine, and chlorogenic acids, providing stimulation along with nutritional benefits including vitamins B1, B2, B3, B5, C, and E, as well as minerals. The traditional preparation in a gourd with a bombilla (metal straw with filter) is a cornerstone of social culture in Argentina, Uruguay, Paraguay, and southern Brazil. Turmeric (Curcuma longa) tisane has surged in popularity due to research on curcumin's anti-inflammatory and antioxidant properties. However, curcumin's bioavailability is naturally very low (approximately 1%); combining it with black pepper (piperine) increases absorption by up to 2,000%. Lemon balm (Melissa officinalis), valerian (Valeriana officinalis), passionflower (Passiflora incarnata), and lavender (Lavandula angustifolia) are commonly used as calming tisanes with varying degrees of scientific support. The global herbal tea market was valued at approximately $3.5 billion in 2023 and is projected to grow at 6.5% CAGR through 2030, driven by health consciousness and the desire for caffeine-free alternatives. Quality concerns in the herbal tisane market include contamination with pesticides, heavy metals, and pyrrolizidine alkaloids (particularly in comfrey and some other herbs). Organic certification and third-party testing help ensure safety. Blending tisanes is both an art and a science, with experienced blenders combining herbs for complementary flavors, visual appeal, and synergistic health benefits. Popular blends include sleepytime formulations (chamomile, valerian, passionflower), digestive blends (peppermint, ginger, fennel), and immunity blends (echinacea, elderberry, rosehip).",https://teatime.example.com/blog/herbal-teas-tisanes-beyond-camellia-sinensis
"Chai: The Spiced Tea Tradition of the Indian Subcontinent","Chai, derived from the Chinese word chá meaning tea, refers in Western usage to masala chai—a spiced, sweetened, milk-based tea beverage that has become one of the most recognized and beloved tea preparations worldwide. In the Indian subcontinent, however, 'chai' simply means tea, and the spiced preparation is more accurately called masala chai, with masala meaning spice blend. The history of spiced tea in India predates British colonial influence, with Ayurvedic practitioners using spice infusions for medicinal purposes for thousands of years. However, modern masala chai as a daily beverage emerged primarily in the early 20th century. The British-owned Indian Tea Association aggressively promoted tea consumption among Indians beginning in the 1900s, but Indian consumers found black tea alone too bitter and began adding milk, sugar, and locally available spices to make it palatable and more aligned with Ayurvedic principles. By the 1960s, chai had become deeply embedded in Indian daily life. The CTC (Crush-Tear-Curl) processing method, developed by the British in India during the 1930s, produced strong, quick-brewing tea granules perfectly suited to the chai preparation method. Today, India consumes approximately 70% of its tea production domestically, with chai being the primary preparation method. The traditional masala chai recipe varies enormously across regions and families, but the core components are black tea (typically strong Assam CTC), whole milk, sugar (or jaggery), and a spice blend. The essential spices generally include cardamom (elaichi, considered the most important), ginger (adrak, fresh or dried), cinnamon (dalchini, typically cassia), cloves (laung), and black pepper (kali mirch). Regional variations incorporate star anise, fennel seeds, nutmeg, mace, saffron, lemongrass, tulsi (holy basil), or bay leaves. Kashmiri noon chai (also called shir chai or pink tea) uses green tea, baking soda (creating its distinctive pink color), salt instead of sugar, and crushed almonds and pistachios—a dramatically different preparation. The preparation method is crucial to chai's character. Unlike Western tea brewing, which steeps leaves in hot water, traditional chai involves simmering tea and spices directly in a mixture of water and milk, creating a full-bodied, creamy beverage where the flavor compounds are extracted more completely. The typical street chai preparation involves bringing water to a boil, adding spices and tea, simmering for 3-5 minutes, adding milk, bringing back to a boil, then straining. The chaiwallah (tea vendor) is an iconic figure in Indian culture, found at virtually every street corner, railway station, and marketplace. India has an estimated 10 million chai vendors, making it one of the largest informal employment sectors. Chaiwallahs develop signature blends and preparation techniques, building loyal followings. The traditional serving vessel, the kullhad (unglazed clay cup), imparts a distinctive earthy flavor and is discarded after use, addressing hygiene concerns without requiring washing. Environmental concerns about kullhad production have led some vendors to switch to glass or paper cups, though kullhad enthusiasts argue the experience is incomplete without the clay aroma. Chai pe charcha (discussion over chai) is a fundamental social institution in India, embodying hospitality, community, and democratic discourse. Political campaigns have embraced this concept, and offering chai to guests is a nearly universal sign of welcome. The chai stall serves as an informal public forum where people of different backgrounds gather. The spices in masala chai offer documented health benefits through their bioactive compounds. Cardamom contains 1,8-cineole, which has demonstrated anti-inflammatory and antimicrobial properties. Ginger's gingerols and shogaols provide anti-nausea and anti-inflammatory effects. Cinnamon's cinnamaldehyde has shown insulin-sensitizing properties in clinical studies. Clove's eugenol is a potent antioxidant and analgesic. Black pepper's piperine enhances bioavailability of other compounds. When combined with tea's catechins and caffeine, the resulting beverage offers a complex pharmacological profile. The Western chai latte, popularized by coffee chains in the 1990s and 2000s, typically uses a concentrated chai syrup or powder mixed with steamed milk. Purists argue that these mass-market versions, often heavily sweetened and lacking fresh spice complexity, bear little resemblance to authentic masala chai. However, they have introduced millions of consumers to spiced tea concepts. The specialty chai market has responded with artisanal chai concentrates, single-origin chai blends, and chai-focused cafés that bridge traditional and Western preparations. Instant chai premixes dominate the Indian market, with brands like Wagh Bakri, Tata Tea, and Society Tea offering convenient versions, though these are generally considered inferior to freshly prepared chai. The global chai tea market was valued at approximately $4.5 billion in 2023, with projected growth driven by increasing demand for flavored and specialty tea beverages.",https://teatime.example.com/blog/chai-spiced-tea-indian-subcontinent
"Tea in Traditional Chinese Medicine: Healing Properties and Ancient Wisdom","Tea has occupied a central position in Traditional Chinese Medicine (TCM) for millennia, serving as both a daily health tonic and a therapeutic agent prescribed for specific conditions. The earliest known medical text to reference tea, the Shennong Ben Cao Jing (The Divine Farmer's Materia Medica), attributed to the legendary Emperor Shennong around 2737 BCE but likely compiled during the Han Dynasty (206 BCE-220 CE), describes tea as a substance that 'makes one vigorous in body, content in mind, and determined in purpose' when consumed over time. In TCM philosophy, tea is classified according to its thermal nature, flavor, and the organ meridians it affects. Different tea types correspond to different TCM categories: green tea is considered cooling (han) in nature, making it appropriate for reducing internal heat (fire) and clearing toxins from the body. It is associated with the heart, liver, and stomach meridians. White tea is also cooling but milder, suitable for those with delicate constitutions. Oolong tea occupies a middle ground, considered neutral to slightly warming depending on its oxidation level—lighter oolongs are more cooling, while heavily roasted oolongs approach the warming nature of black tea. Black tea (called red tea, hong cha, in Chinese) is warming (wen), making it beneficial for those with cold constitutions, weak digestion, or during cold weather. It is associated with the spleen and stomach meridians, believed to strengthen digestive function and warm the body's core. Pu-erh tea, particularly aged varieties, is considered warming and descending in nature, directing qi downward and aiding digestion and fat metabolism. TCM practitioners prescribe pu-erh for dampness conditions, excess phlegm, and digestive stagnation. The concept of seasonal tea drinking aligns with TCM's emphasis on living in harmony with natural cycles. Spring is traditionally associated with green tea, supporting the liver's function of ensuring smooth qi flow during the season of growth and renewal. Summer calls for white or light green teas to clear heat and generate fluids. Autumn, associated with the lungs and dryness, favors oolong tea, which moistens without creating excess dampness. Winter's cold calls for warming black tea or aged pu-erh to support yang energy and keep the body warm. This seasonal framework extends to daily drinking patterns: lighter teas in the morning when yang energy rises, warming teas in the afternoon to sustain energy, and calming teas in the evening. TCM also considers the interaction between tea and food. Tea is generally not recommended immediately after meals, as its tannins are believed to interfere with nutrient absorption—a concept partially supported by modern research showing that tea polyphenols can inhibit iron absorption. The traditional Chinese practice of rinsing tea leaves with a brief hot water wash before the first infusion serves both to awaken the leaves and, in TCM terms, to remove any cold or stagnant energy accumulated during storage. Specific tea preparations feature in TCM herbal formulas. Ba Bao Cha (Eight Treasure Tea) combines tea with dried fruits, berries, rock sugar, chrysanthemum flowers, goji berries, jujubes, dried longan, and sometimes ginseng, creating a nourishing tonic addressing multiple organ systems. Ginger tea (jiang cha) combines tea with fresh ginger to warm the middle burner, dispel cold, and relieve nausea. Chrysanthemum tea, while technically a tisane, is prescribed extensively in TCM to clear liver heat, brighten the eyes, and reduce headaches associated with rising liver yang. Modern pharmacological research has validated many traditional TCM claims about tea. The cooling nature attributed to green tea corresponds to its anti-inflammatory and antipyretic compounds. The digestive benefits attributed to pu-erh correlate with its lipid-lowering and gut-microbiome-modulating properties. The warming quality of black tea aligns with its thermogenic effects from caffeine and theaflavins. However, TCM's holistic approach considers not just the tea's chemical compounds but its energetic qualities, the patient's constitution, environmental factors, and the interactions among these elements—a framework that resists reduction to individual biochemical mechanisms. The practice of gongfu cha (kung fu tea), while primarily an aesthetic and sensory practice, incorporates TCM principles in its attention to water temperature, steeping time, and vessel selection, all of which affect the tea's energetic properties according to TCM theory. The small cups used in gongfu brewing encourage mindful, moderate consumption aligned with TCM's emphasis on balance. Contemporary TCM practitioners continue to prescribe tea as part of treatment protocols, often combining it with acupuncture, herbal medicine, dietary therapy, and qigong. Research institutions in China, particularly the Tea Research Institute of the Chinese Academy of Agricultural Sciences, actively investigate the pharmacological basis of traditional tea-medicine claims, bridging ancient wisdom with modern scientific methodology.",https://teatime.example.com/blog/tea-traditional-chinese-medicine-healing
"Iced Tea and Cold Brew: The Cool Side of Tea Culture","Iced tea, consumed in enormous quantities worldwide, represents a distinctly different approach to tea appreciation that has evolved from a simple cooling refreshment into a diverse category encompassing everything from Southern sweet tea to Japanese cold-brew gyokuro. The origin of iced tea in America is often attributed to Richard Blechynden, a tea plantation owner who reportedly served cold tea at the 1904 St. Louis World's Fair when sweltering heat made his hot tea samples unappealing. However, recipes for iced tea appear in American cookbooks as early as the 1870s, with the community cookbook ""Housekeeping in Old Virginia"" (1879) containing a recipe for iced tea. The practice likely evolved naturally in the American South, where hot summers and an abundance of ice (by the late 19th century, thanks to industrial ice production) made cold tea a logical refreshment. Today, approximately 85% of tea consumed in the United States is iced, representing over 3.6 billion gallons annually. Sweet tea, the unofficial beverage of the American South, is a cultural institution with fierce regional loyalty. Authentic Southern sweet tea requires dissolving sugar into freshly brewed hot tea while it is still warm (typically 1-2 cups of sugar per gallon), as sugar dissolves poorly in cold liquid. The resulting beverage is dramatically sweeter than what most non-Southern Americans would consider palatable, but devotees insist that anything less is merely 'unsweet tea with sugar added.' The sweet tea line, running roughly along the Mason-Dixon line, marks a genuine cultural boundary in American beverage preferences. Fast-food chains adjust their sweet tea recipes regionally, and restaurants in the South that fail to offer proper sweet tea risk customer dissatisfaction. The cold-brew method, distinct from traditional iced tea (which is brewed hot and then cooled), involves steeping tea leaves in cold or room-temperature water for extended periods, typically 6-12 hours. This technique, which gained popularity in the 2010s alongside cold-brew coffee, produces a fundamentally different chemical extraction profile. Cold water extracts L-theanine and amino acids efficiently but extracts significantly less caffeine (approximately 50-70% less than hot brewing) and fewer catechins. The reduced extraction of tannins and catechins results in a naturally smoother, sweeter, less astringent beverage that requires no sugar for many drinkers. Research published in Food Chemistry (2015) demonstrated that cold-brewed teas had significantly lower total polyphenol content but higher antioxidant activity per polyphenol unit, suggesting that cold brewing selectively extracts the most bioactive compounds. Japanese cold-brew traditions predate Western cold-brew trends by decades. Mizudashi (cold-water extraction) is a respected preparation method, particularly for high-quality sencha and gyokuro. The Japanese technique typically uses a higher leaf-to-water ratio (10-15g per liter) and cold or ice-cold water, steeping for 3-8 hours in the refrigerator. The resulting brew emphasizes umami and sweetness while minimizing astringency, showcasing delicate flavor notes that hot brewing can overwhelm. Koridashi, an even more refined technique, places tea leaves directly on ice cubes and allows them to melt slowly, producing a highly concentrated, intensely sweet and umami-rich liquor in very small quantities—an approach reserved for the finest teas. Sun tea, popular in American households during the 1970s-1990s, involves placing tea bags in a glass jar of water and setting it in direct sunlight for several hours. While romanticized as a summer tradition, food safety experts have raised concerns: the lukewarm temperatures (typically 100-130°F) reached during sun tea brewing are ideal for bacterial growth, particularly Alcaligenes viscolactis, which can cause a ropy or thick texture. The FDA recommends against sun tea preparation, suggesting cold brewing in the refrigerator as a safer alternative. Commercially, the ready-to-drink (RTD) iced tea market has exploded, valued at over $40 billion globally and projected to reach $60 billion by 2028. Major brands like Lipton, Arizona, Snapple, and Pure Leaf dominate, while craft and premium brands like Honest Tea, Ito En, and numerous local producers cater to health-conscious consumers. Sugar content remains a significant concern: many commercial iced teas contain 20-30 grams of sugar per serving, undermining the health benefits associated with tea consumption. The trend toward unsweetened and lightly sweetened options has grown substantially, with unsweetened varieties now representing the fastest-growing segment. Flavored iced teas extend the category with additions like peach, lemon, raspberry, mango, and more exotic combinations. Thai iced tea (cha yen), made with strongly brewed Ceylon tea, star anise, tamarind, food coloring, sweetened condensed milk, and evaporated milk, produces a distinctive bright orange, intensely sweet and creamy beverage that has become a staple of Thai restaurants worldwide. Taiwanese bubble tea (boba), invented in the 1980s, combines tea (often black milk tea or green tea) with chewy tapioca pearls, creating a textural experience that has spawned a global industry valued at over $3.5 billion. Innovations continue: nitrogen-infused iced teas create a creamy, Guinness-like cascade effect; sparkling teas combine tea with carbonation for a sophisticated alternative to soft drinks; and tea-based cocktails and mocktails have become fixtures on restaurant and bar menus.",https://teatime.example.com/blog/iced-tea-cold-brew-cool-side
"Tea Gardens and Tourism: Experiencing Tea at Its Source","Tea tourism has emerged as a significant niche within the global travel industry, drawing millions of visitors annually to tea-producing regions where they can experience the full journey from leaf to cup, immersed in landscapes of extraordinary beauty. The appeal lies in the intersection of agriculture, culture, natural scenery, and sensory experience—tea gardens occupy some of the world's most visually stunning terrain, from misty mountain slopes to rolling highland plateaus. Darjeeling, perched at 2,000 meters in the foothills of the Eastern Himalayas in West Bengal, India, is perhaps the most romanticized tea destination. The region's 87 tea estates produce the 'Champagne of Teas,' with the dramatic backdrop of Kangchenjunga, the world's third-highest mountain, visible from many gardens on clear days. The Darjeeling Himalayan Railway, a UNESCO World Heritage Site known as the 'Toy Train,' winds through tea plantations, providing one of the world's most scenic rail journeys. Several estates offer heritage accommodations in restored colonial bungalows—Glenburn Tea Estate, Makaibari, and Happy Valley are among the most popular, providing guided tours of the factory, plucking experiences, cupping sessions, and walks through the gardens. Visitors during first flush season (March-April) witness the year's most prized harvest. Sri Lanka's Hill Country, centered around Nuwara Eliya, Ella, and Kandy, offers another iconic tea tourism experience. The island's tea industry, established after the devastating coffee blight of the 1860s-1870s, transformed the landscape into an undulating patchwork of brilliant green. The Ceylon Tea Museum in Kandy documents the industry's history, while working estates like Heritance Tea Factory (a converted tea factory turned luxury hotel), Damro Labookellie, and Pedro Estate welcome visitors. The scenic train journey from Kandy to Ella, passing through tea country, is consistently rated among the world's most beautiful rail trips. Sri Lanka produced approximately 300,000 tons of tea annually, supporting over a million workers directly and indirectly. China's tea regions offer unparalleled depth of tea history and variety. Hangzhou's Longjing (Dragon Well) village, where the famous green tea is produced, attracts domestic and international visitors to its centuries-old tea terraces surrounding West Lake, a UNESCO World Heritage Site. Visitors can observe the precise hand-firing technique used to produce Longjing tea and purchase directly from farming families. Wuyishan (Mount Wuyi) in Fujian Province, a UNESCO World Heritage Site, is the birthplace of rock oolong teas and the ancestral home of black tea production at Tongmu village. The dramatic landscape of towering rock formations draped in tea bushes creates an otherworldly setting. Yunnan Province, the birthplace of all tea according to botanical evidence, offers encounters with ancient tea forests where tea trees over 1,000 years old still produce leaves—the Jingmai Mountain ancient tea gardens contain over 1.2 million tea trees, the largest concentration of ancient cultivated tea trees in the world, and were inscribed as a UNESCO World Heritage Site in 2023. Japan's tea regions present a different aesthetic, characterized by meticulously maintained tea fields with distinctive rounded hedgerows. Uji, south of Kyoto, has produced tea since the 12th century and remains Japan's most prestigious tea region, known for premium matcha and gyokuro. The Shizuoka Prefecture, producing about 40% of Japan's tea, offers tours of both traditional and modern tea operations, with views of tea fields against the backdrop of Mount Fuji creating one of Japan's most photographed landscapes. The Japanese tea tourism experience often incorporates tea ceremony participation, matcha-making workshops, and tea-themed cuisine including tea soba noodles, tea ice cream, and tea-infused traditional sweets (wagashi). Kenya's tea-growing highlands, centered around Kericho in the Great Rift Valley, provide a distinctive African tea tourism experience. As the world's largest exporter of black tea, Kenya's tea industry is unique in being dominated by smallholder farmers rather than large estates—over 600,000 small-scale farmers produce about 60% of Kenya's tea. The Kericho region's rich red soil and equatorial climate at altitude produce tea year-round, unlike seasonal producers. Taiwan's high-mountain oolong regions, particularly Alishan, Lishan, and Shanlinxi, attract tea enthusiasts to elevations above 1,000 meters where cool temperatures and persistent mist create conditions for extraordinarily aromatic teas. The experience of drinking freshly processed high-mountain oolong while overlooking the sea of clouds that nurtures it offers a profound connection between place and product. Tea tourism's economic impact extends beyond direct visitor spending. It promotes regional brands, supports rural communities, preserves traditional processing methods that might otherwise be abandoned for more efficient industrial approaches, and creates incentives for environmental stewardship of tea landscapes. Sustainable tea tourism initiatives balance visitor access with protection of working agricultural environments, ensuring that tourism enhances rather than disrupts the tea production that draws visitors in the first place. The COVID-19 pandemic accelerated virtual tea tourism, with estates offering online tours, virtual tastings, and direct-to-consumer shipping that maintained connections with tea enthusiasts during travel restrictions—many of these digital programs continue alongside resumed physical tourism.",https://teatime.example.com/blog/tea-gardens-tourism-experiencing-tea
"Tea and Mental Health: Mindfulness, Ritual, and Cognitive Benefits","The relationship between tea and mental well-being extends far beyond the biochemical effects of its compounds, encompassing the psychological benefits of ritual, mindfulness practices, and the social connections that tea facilitates. Modern neuroscience and psychology research increasingly validates what tea traditions across cultures have long recognized: the act of preparing and drinking tea can be a powerful tool for mental health and cognitive function. L-theanine, the amino acid unique to tea, has emerged as one of the most studied natural compounds for mental health. Crossing the blood-brain barrier within 30-45 minutes of consumption, L-theanine increases alpha brain wave activity—the neural pattern associated with relaxed alertness, creativity, and meditative states. A 2008 study published in Nutritional Neuroscience demonstrated that just 50mg of L-theanine (equivalent to approximately 2-3 cups of green tea) significantly increased alpha wave production in healthy volunteers within 40 minutes. Unlike pharmaceutical anxiolytics, L-theanine promotes relaxation without sedation, making it suitable for daytime consumption. The synergistic interaction between L-theanine and caffeine in tea produces cognitive effects distinct from either compound alone. A systematic review published in Nutrition Reviews (2017) analyzed 49 studies and concluded that the L-theanine-caffeine combination improved attention, task switching, and accuracy to a greater degree than caffeine alone, while reducing the jitteriness and anxiety that caffeine can provoke. This combination produces what practitioners describe as 'calm focus'—a state conducive to sustained, high-quality cognitive work. Regular tea consumption has been associated with reduced cognitive decline in aging populations. A landmark longitudinal study published in The Journal of Nutrition, Health & Aging (2016), following 957 Chinese adults aged 55 and older over 6 years, found that regular tea consumption was associated with a 50% lower risk of cognitive decline. A 2019 study published in Aging using neuroimaging data from 36 older adults found that tea drinkers had better organized brain regions compared to non-tea drinkers, suggesting that tea consumption has positive effects on brain structure. The ritualistic aspects of tea preparation offer significant mental health benefits independent of tea's chemical compounds. The Japanese concept of ichigo ichie (one time, one meeting) applied to tea ceremony emphasizes being fully present in each moment—a principle aligned with modern mindfulness-based therapeutic approaches. Research on mindfulness-based stress reduction (MBSR) has demonstrated significant benefits for anxiety, depression, and stress-related conditions. Tea preparation, with its sequential, focused actions—heating water, measuring leaves, observing steeping, pouring carefully—naturally creates a mindfulness exercise accessible to anyone. A 2019 study in the journal Nutrients found that the act of preparing and drinking tea, beyond the beverage's chemical effects, produced measurable reductions in cortisol levels and self-reported stress. Participants who engaged in mindful tea preparation showed greater stress reduction than those who simply consumed the same tea without the preparation ritual, isolating the psychological benefits of the ritual itself. The concept of 'tea meditation' has gained traction in therapeutic settings. Thich Nhat Hanh, the Vietnamese Zen Buddhist monk, extensively taught tea meditation as a mindfulness practice, writing: 'Tea is an act complete in its simplicity. When I drink tea, there is only me and the tea. The rest of the world dissolves.' This practice of single-pointed attention during tea drinking serves as an accessible entry point for meditation practice, requiring no special training or beliefs. Social tea rituals contribute to mental health through connection and belonging. The British tradition of 'putting the kettle on' during times of stress is not merely cultural habit but serves as a psychological anchoring behavior—performing a familiar, comforting action during uncertainty provides a sense of control and normalcy. The social dimension of shared tea drinking activates neural reward pathways associated with belonging and connection. Research on social prescribing in the UK has included community tea groups as interventions for loneliness and social isolation, with preliminary results suggesting improvements in self-reported well-being and reduced GP visits. The afternoon tea break, practiced in various forms across cultures, provides cognitive benefits beyond the tea itself. Research on ultradian rhythms—the 90-120 minute cycles of alertness that characterize human cognition—suggests that regular breaks improve sustained performance. Tea breaks that incorporate brief social interaction, a change of environment, and a warming beverage align perfectly with evidence-based recommendations for cognitive recovery during demanding work. EGCG and other polyphenols in tea have demonstrated neuroprotective properties in laboratory studies, with potential implications for neurodegenerative conditions. Research published in the Journal of Alzheimer's Disease (2017) found that EGCG could inhibit beta-amyloid aggregation, a hallmark of Alzheimer's disease pathology. While clinical translation remains limited, epidemiological data consistently shows lower rates of neurodegenerative disease in populations with high tea consumption. The aesthetic dimension of tea—beautiful teaware, the visual appeal of unfolding leaves, the aroma of brewing tea, the warmth of the cup in one's hands—engages multiple senses simultaneously, creating a multisensory experience that anchors awareness in the present moment. Art therapy research supports the therapeutic value of aesthetic engagement, and tea's sensory richness provides this without requiring artistic skill.",https://teatime.example.com/blog/tea-mental-health-mindfulness-cognitive
"Tea Blending: The Art and Science of Creating Perfect Combinations","Tea blending is both an ancient craft and a modern science, combining different teas, botanicals, and flavorings to create consistent, balanced beverages that are greater than the sum of their parts. The master tea blender's art parallels that of a perfumer or winemaker, requiring an exceptional palate, deep knowledge of raw materials, and the ability to envision how individual components will interact. Major tea companies employ experienced blenders who may evaluate 200-1,000 teas daily, maintaining consistency across millions of packages while navigating the inherent variability of an agricultural product. The most iconic tea blends have become so familiar that many consumers do not realize they are blends at all. English Breakfast tea, first created in the 1880s, typically combines Assam (for body and maltiness), Ceylon (for brightness and color), and Kenyan (for briskness and strength), though recipes vary among producers. The blend was designed to complement the rich, fatty foods of a traditional English breakfast. Irish Breakfast, generally stronger and more Assam-heavy, reflects Irish preference for robust tea that stands up to generous additions of milk and sugar. Earl Grey, flavored with bergamot oil (from the rind of Citrus bergamia, a citrus fruit grown primarily in Calabria, Italy), was purportedly named after Charles Grey, 2nd Earl Grey, British Prime Minister from 1830-1834, though the historical connection is unsubstantiated. The balance of bergamot to base tea is crucial: too much bergamot overwhelms the tea, too little disappears. Lady Grey, a Twinings trademark, adds lemon and orange peel to the bergamot blend for a lighter, more citrusy character. Russian Caravan, traditionally a blend of oolong, keemun, and lapsang souchong, evokes the smoky character that tea supposedly developed during the long camel caravan journey from China to Russia. The blending process begins with sourcing, where blenders evaluate teas from multiple origins and harvests through professional cupping—a standardized evaluation process using precisely measured amounts of tea (typically 2.86 grams, equivalent to the old sixpence coin weight) brewed for exactly 5-6 minutes in standard white porcelain cups. The liquor is assessed for color, clarity, aroma, body, briskness, and flavor. Dry leaves and spent leaves are also examined for quality indicators. A master blender may maintain a blend recipe that calls for teas from dozens of different origins and grades, adjusting proportions seasonally to maintain consistent taste as incoming teas vary. This is the fundamental challenge of commercial blending: the consumer expects their favorite blend to taste the same year-round, but the raw materials change constantly with each harvest. Flavored teas represent a growing segment of the blending world. Beyond traditional bergamot, common flavorings include jasmine (traditionally scented by layering jasmine blossoms with green or white tea leaves overnight, repeated up to seven times for premium grades), rose, vanilla, fruit essences, and more contemporary additions like chocolate, caramel, and tropical fruits. Purists distinguish between naturally scented teas (where the tea absorbs aroma from actual flowers or fruits during processing) and artificially flavored teas (where synthetic or natural flavor extracts are sprayed onto tea leaves). Jasmine pearl tea (jasmine dragon phoenix pearl) exemplifies the pinnacle of natural scenting: hand-rolled green tea pearls are scented with fresh jasmine blossoms harvested at peak fragrance in the evening, with blossoms replaced daily for up to a week. The chemistry of blending involves understanding how different compounds interact. Tannins from one component may be softened by amino acids from another. Volatile aromatic compounds from different teas may complement or clash. The Maillard reaction products from heavily roasted oolongs interact differently with milk than the theaflavins in orthodox black teas. Caffeine content varies by component, affecting the blend's stimulant profile. These chemical interactions mean that blending is not simply mixing but creating a new matrix of flavors. Botanical additions—flowers, herbs, spices, dried fruits—bring additional complexity. Calendula and sunflower petals add visual appeal. Dried apple or berry pieces provide sweetness and fruit character. Rose petals contribute floral notes and visual beauty. Lemongrass adds citrusy freshness. Each botanical brings its own extraction rate, meaning that brewing parameters optimized for the tea base may over- or under-extract botanical components—a challenge blenders must anticipate. Single-origin and single-estate teas represent the opposite philosophy from blending, celebrating terroir and the unique characteristics of a specific place and time. This mirrors the broader food and beverage trend toward provenance and transparency. However, even single-estate teas involve a form of blending, as different plucking days, processing batches, and sections of the garden are combined to create a consistent lot. The specialty tea movement has elevated blending to new creative heights, with artisanal blenders creating limited-edition blends inspired by seasons, literary works, travel experiences, and collaborations with chefs and sommeliers. These creative blends may combine unexpected elements—smoked tea with lavender and honey, white tea with elderflower and cucumber, or pu-erh with cacao nibs and chili—pushing boundaries while maintaining drinkability.",https://teatime.example.com/blog/tea-blending-art-science-combinations
"Tea Storage, Aging, and Preservation: Keeping Tea at Its Best","Proper tea storage is critical to maintaining flavor, aroma, and beneficial compounds, yet it is one of the most overlooked aspects of tea appreciation. Tea is hygroscopic (readily absorbs moisture from the environment), and its volatile aromatic compounds are susceptible to degradation from light, heat, oxygen, and strong odors. Understanding and implementing proper storage practices can mean the difference between a transcendent cup and a stale, flat disappointment. The enemies of tea freshness are well established: moisture, light, heat, air, and odor. Moisture is perhaps the most destructive—tea stored above 5% moisture content becomes susceptible to mold growth and accelerated oxidation. At 8-9% moisture, mold becomes visible, but degradation begins well before that threshold. Light, particularly ultraviolet radiation, breaks down chlorophyll and catechins, causing green teas to yellow and lose their characteristic vegetal flavors. Heat accelerates all chemical reactions, including those that degrade desirable compounds; every 10°C increase in storage temperature roughly doubles the rate of quality deterioration. Oxygen initiates and sustains oxidation reactions that, while desirable during controlled tea processing, cause unwanted flavor changes in finished tea. Strong odors from spices, cleaning products, or other aromatic substances are readily absorbed by tea leaves, permanently altering their character. For most teas—green, white, yellow, and lightly oxidized oolongs—the goal is to preserve freshness. These teas should be stored in opaque, airtight containers (ceramic, tin, or food-grade aluminum are ideal) in a cool, dark, dry location. Refrigeration or freezing can extend the life of premium green teas, a practice common in Japan and Taiwan where vacuum-sealed packages of sencha and gyokuro are refrigerated at 0-5°C. However, refrigeration requires careful management: the tea must be brought to room temperature before opening to prevent condensation on the cold leaves, which would introduce destructive moisture. Repeated temperature cycling between cold storage and room temperature is worse than consistent room-temperature storage. For daily-use quantities, a room-temperature airtight container filled as fully as possible (minimizing headspace oxygen) is practical and effective. Vacuum sealing provides excellent protection for long-term storage of fresh teas, removing oxygen and compressing the package to minimize air exposure. Nitrogen flushing, used commercially, replaces oxygen with inert nitrogen gas, further protecting against oxidation. Some premium Japanese teas are sold in nitrogen-flushed, vacuum-sealed packages with desiccant packets—the gold standard for freshness preservation. The shelf life of properly stored teas varies significantly by type: green tea maintains peak quality for 6-12 months, though Japanese teas stored at low temperatures can remain excellent for 1-2 years; white tea for 1-2 years for fresh character (though it can age well, discussed below); oolong tea for 1-3 years depending on oxidation level; black tea for 2-3 years; and pu-erh tea indefinitely when properly stored. These are conservative guidelines—stale tea is not unsafe to drink, merely diminished in quality. Intentional tea aging represents a fascinating counterpoint to freshness preservation. While most tea categories are best consumed relatively fresh, certain teas improve with age under controlled conditions. Pu-erh tea is the most celebrated aged tea, with properly stored sheng (raw) pu-erh developing extraordinary complexity over decades. The aging process involves ongoing microbial fermentation that transforms the tea's chemistry: astringent, vegetal young sheng evolves into smooth, sweet, complex aged tea with notes of dried fruit, forest floor, camphor, and aged wood. Optimal pu-erh aging conditions require 60-75% relative humidity, temperatures around 20-30°C, good air circulation without excessive airflow, darkness, and absence of strong odors. Regional storage variations significantly impact aging trajectory: Hong Kong's hot, humid 'traditional storage' produces faster aging with distinctive musty-earthy character, while drier Kunming or Malaysian storage produces slower, cleaner aging. Collectors debate these approaches passionately. White tea aging has gained appreciation in recent decades, with the Chinese saying 'one year tea, three years medicine, seven years treasure' reflecting the belief that aged white tea develops medicinal properties and complex sweetness. During aging, catechins slowly oxidize, reducing astringency while developing honey, dried fruit, and grain-like flavors. Aged white tea commands increasing premiums, particularly Silver Needle and premium Bai Mudan from Fuding or Zhenghe in Fujian Province. Some oolongs, particularly traditional Wuyi rock oolongs and heavily roasted Tieguanyin, benefit from aging or periodic re-roasting. Traditional Wuyi oolong producers re-roast their teas annually over charcoal, a process that maintains the tea while developing deeper, more complex flavors. Aged oolong from Taiwan, sometimes 20-40+ years old, develops unique camphor, medicinal, and dried fruit characters prized by collectors. Even certain black teas, particularly Liu Bao from Guangxi Province and some Keemun teas, develop favorable complexity with age. The tea storage vessel itself contributes to aging and preservation. Yixing purple clay storage jars, valued for their micro-porosity, allow minimal air exchange while maintaining stable humidity—ideal for pu-erh aging. Ceramic jars with sealed lids provide a neutral, protective environment. Paper wrapping, used traditionally for pu-erh cakes, allows air exchange necessary for aging while protecting from light and dust. Modern storage innovations include humidity-controlled cabinets (similar to wine fridges), oxygen-absorbing packets, and smart storage containers with humidity and temperature monitoring. For the home tea enthusiast, practical storage advice is straightforward: keep tea away from the stove, out of direct sunlight, in airtight containers, separated from strong-smelling foods, and consume within reasonable timeframes. Buy in quantities you will consume within a few months rather than hoarding large amounts that may deteriorate before you enjoy them.",https://teatime.example.com/blog/tea-storage-aging-preservation
"Tea Sommeliers and Professional Tea Tasting: The Rise of Tea Expertise","The profession of tea sommelier has evolved from a niche specialty into a recognized career path, reflecting the global elevation of tea from commodity beverage to artisanal product worthy of the same expert attention long accorded to wine. Professional tea tasters and sommeliers bridge the gap between producer and consumer, bringing trained sensory evaluation, cultural knowledge, and communication skills to an industry increasingly focused on quality, origin, and experience. The concept of professional tea tasting has deep roots in the tea trade. Since the 18th century, tea merchants have employed tasters to evaluate incoming shipments, assess quality, determine fair pricing, and create consistent blends. These professional tasters, historically working in London's Mincing Lane (the center of the global tea trade until the mid-20th century), developed standardized evaluation protocols that remain largely unchanged today. The traditional cupping setup uses white porcelain cups with serrated lids (to strain liquor from leaves), evaluating dry leaf appearance, wet leaf aroma, liquor color, and most importantly, flavor and mouthfeel. A standard cupping brews 2.86 grams of tea in 150ml of freshly boiled water for exactly 5-6 minutes—deliberately over-brewing to reveal both qualities and defects that gentler brewing might conceal. Professional tasters slurp tea from a spoon with a sharp intake of breath, aerating the liquid across the palate to engage all taste and aroma receptors simultaneously. Modern tea sommelier certification programs have formalized this knowledge into structured curricula. The International Tea Masters Association, founded in Belgium, offers a rigorous certification program covering tea botany, chemistry, processing, evaluation, pairing, and service. The Specialty Tea Institute, associated with the Tea Association of the USA, provides progressive certification levels from Tea Sommelier to Tea Master. The UK Tea Academy in London offers diplomas in tea tasting and evaluation. The Global Tea Initiative at UC Davis takes an academic approach, combining sensory science with agricultural research. China's national tea evaluation system, administered through the tea research institutes, maintains the most comprehensive grading frameworks, with specific standards for each tea category and origin. Becoming a professional tea taster requires developing exceptional sensory acuity and an extensive flavor memory. Tasters must distinguish hundreds of flavor notes, identify processing defects, assess quality grades, and communicate their evaluations precisely. The flavor wheel developed for tea—similar to those used in wine and coffee—categorizes descriptors into families: vegetal (grassy, spinach, seaweed), floral (jasmine, orchid, rose), fruity (citrus, stone fruit, berry), nutty (almond, chestnut, hazelnut), spicy (pepper, cinnamon, clove), mineral (wet stone, metallic, chalky), roasted (toasted, smoky, charcoal), sweet (honey, caramel, vanilla), earthy (mushroom, forest floor, leather), and marine (oceanic, kelp, briny). Physical conditioning is part of the profession: tasters typically avoid strongly flavored foods, alcohol, and smoking, as these impair palate sensitivity. Many professional tasters maintain strict dietary discipline on tasting days, beginning with a neutral breakfast and avoiding coffee, spicy foods, and heavy meals. The time of day matters—most tasters find their palate sharpest in late morning, after any overnight palate dulling has cleared but before palate fatigue sets in. Professional tasters may evaluate 200-400 teas in a single session during buying seasons, requiring extraordinary concentration and stamina. Tea and food pairing represents a growing area of sommelier expertise. Like wine pairing, tea pairing considers complementary and contrasting flavor interactions, but tea adds unique dimensions: tannin levels that cut through richness, umami that enhances savory dishes, and astringency that cleanses the palate. General pairing principles include matching intensity (delicate teas with light foods, robust teas with rich dishes), complementing flavors (jasmine tea with floral desserts), and creating contrast (smoky lapsang souchong with sweet foods). Specific pairings that sommeliers frequently recommend include: first flush Darjeeling with fresh goat cheese or light salads; gyokuro with sashimi or delicate seafood; Assam with rich chocolate cake or hearty breakfast foods; aged pu-erh with braised meats or strong cheeses; high-mountain oolong with stone fruits or light pastries; and silver needle white tea with subtle, creamy desserts. Some high-end restaurants now offer tea pairing menus alongside or instead of wine pairings, with tea sommeliers guiding diners through carefully curated selections that evolve across courses. The economics of tea expertise are evolving. Tea sommeliers work in diverse settings: luxury hotels, specialty tea shops, tea import companies, restaurants, spas, and as independent consultants. Some specialize in tea education, conducting workshops and corporate events. Others focus on buying and sourcing, traveling to origins to select teas for companies. The growing specialty tea market supports these careers, as consumers increasingly seek expert guidance in navigating an overwhelming variety of teas. Tea competitions have become important venues for professional recognition. The Global Tea Championship, organized by the World Tea Expo, evaluates teas across numerous categories. The North American Tea Championship provides blind evaluation by panels of certified tasters. China's provincial and national tea competitions set quality benchmarks that directly influence market prices, with award-winning teas commanding premiums of 200-500% over comparable non-awarded teas. These competitions provide professional validation for producers and reference points for industry quality standards.",https://teatime.example.com/blog/tea-sommeliers-professional-tasting